image_path,target
data/boxing/00000623.jpg,1.0
data/chess/00000394.jpg,2.0
data/chess/00000382.jpg,2.0
data/boxing/00000256.jpg,1.0
data/boxing/00000363.jpg,1.0
data/boxing/00000747.jpg,1.0
data/basketball/00000063.png,0.0
data/basketball/00000009.jpg,0.0
data/boxing/00000034.jpg,1.0
data/chess/00000034.png,2.0
data/boxing/00000228.jpg,1.0
data/chess/00000075.jpg,2.0
data/basketball/00000325.jpg,0.0
data/chess/00000151.jpg,2.0
data/basketball/00000220.jpg,0.0
data/basketball/00000244.jpg,0.0
data/chess/00000290.jpg,2.0
data/boxing/00000418.jpg,1.0
data/boxing/00000125.jpg,1.0
data/basketball/00000227.jpg,0.0
data/chess/00000256.jpg,2.0
data/chess/00000285.jpg,2.0
data/chess/00000113.jpg,2.0
data/boxing/00000397.jpg,1.0
data/boxing/00000277.jpg,1.0
data/chess/00000306.jpg,2.0
data/basketball/00000423.jpg,0.0
data/boxing/00000634.jpg,1.0
data/basketball/00000011.jpg,0.0
data/basketball/00000099.jpg,0.0
data/chess/00000055.jpg,2.0
data/chess/00000221.jpg,2.0
data/boxing/00000739.jpg,1.0
data/boxing/00000421.jpg,1.0
data/boxing/00000551.jpg,1.0
data/boxing/00000564.jpg,1.0
data/boxing/00000195.jpg,1.0
data/boxing/00000284.png,1.0
data/basketball/00000320.jpg,0.0
data/boxing/00000624.jpg,1.0
data/boxing/00000683.jpg,1.0
data/chess/00000176.jpg,2.0
data/basketball/00000200.png,0.0
data/boxing/00000648.jpg,1.0
data/basketball/00000119.jpg,0.0
data/basketball/00000083.jpg,0.0
data/boxing/00000043.jpg,1.0
data/boxing/00000089.jpg,1.0
data/basketball/00000517.jpg,0.0
data/chess/00000411.jpg,2.0
data/basketball/00000181.png,0.0
data/chess/00000357.jpg,2.0
data/basketball/00000154.jpg,0.0
data/boxing/00000059.jpg,1.0
data/chess/00000085.jpg,2.0
data/chess/00000523.jpg,2.0
data/chess/00000476.jpg,2.0
data/boxing/00000670.jpg,1.0
data/chess/00000024.jpg,2.0
data/boxing/00000614.jpg,1.0
data/basketball/00000179.jpg,0.0
data/boxing/00000444.png,1.0
data/chess/00000014.jpg,2.0
data/basketball/00000502.jpg,0.0
data/basketball/00000524.jpg,0.0
data/boxing/00000358.jpg,1.0
data/boxing/00000505.png,1.0
data/basketball/00000362.jpg,0.0
data/basketball/00000344.jpg,0.0
data/boxing/00000341.jpg,1.0
data/chess/00000408.png,2.0
data/chess/00000447.JPG,2.0
data/basketball/00000400.jpg,0.0
data/boxing/00000644.jpg,1.0
data/basketball/00000469.jpg,0.0
data/basketball/00000214.jpg,0.0
data/boxing/00000511.jpg,1.0
data/basketball/00000246.jpg,0.0
data/boxing/00000463.jpg,1.0
data/boxing/00000477.jpg,1.0
data/chess/00000079.jpg,2.0
data/chess/00000084.jpg,2.0
data/boxing/00000544.jpg,1.0
data/boxing/00000111.jpg,1.0
data/basketball/00000398.jpg,0.0
data/basketball/00000302.jpg,0.0
data/boxing/00000044.jpg,1.0
data/boxing/00000067.jpg,1.0
data/basketball/00000193.jpg,0.0
data/boxing/00000403.jpg,1.0
data/basketball/00000213.jpg,0.0
data/basketball/00000449.png,0.0
data/chess/00000500.jpg,2.0
data/chess/00000260.jpg,2.0
data/boxing/00000346.jpg,1.0
data/boxing/00000278.png,1.0
data/basketball/00000185.jpg,0.0
data/boxing/00000287.jpg,1.0
data/boxing/00000522.jpg,1.0
data/chess/00000240.jpg,2.0
data/boxing/00000236.jpg,1.0
data/boxing/00000144.jpg,1.0
data/boxing/00000578.jpg,1.0
data/boxing/00000203.jpg,1.0
data/basketball/00000171.jpg,0.0
data/basketball/00000328.jpg,0.0
data/chess/00000068.jpg,2.0
data/basketball/00000285.jpg,0.0
data/chess/00000179.jpg,2.0
data/chess/00000141.jpg,2.0
data/boxing/00000162.jpg,1.0
data/chess/00000216.png,2.0
data/basketball/00000381.jpg,0.0
data/basketball/00000036.jpg,0.0
data/boxing/00000345.jpg,1.0
data/boxing/00000103.jpg,1.0
data/chess/00000118.jpg,2.0
data/boxing/00000575.jpg,1.0
data/basketball/00000500.jpg,0.0
data/boxing/00000386.jpg,1.0
data/boxing/00000710.jpg,1.0
data/boxing/00000343.jpg,1.0
data/basketball/00000121.jpg,0.0
data/boxing/00000106.jpg,1.0
data/basketball/00000194.jpg,0.0
data/chess/00000010.jpg,2.0
data/chess/00000318.jpg,2.0
data/basketball/00000348.jpg,0.0
data/boxing/00000615.jpg,1.0
data/basketball/00000198.jpg,0.0
data/basketball/00000371.jpg,0.0
data/boxing/00000605.jpg,1.0
data/basketball/00000078.jpg,0.0
data/basketball/00000048.jpg,0.0
data/basketball/00000518.jpg,0.0
data/basketball/00000392.JPG,0.0
data/boxing/00000267.jpg,1.0
data/basketball/00000074.jpg,0.0
data/chess/00000265.jpg,2.0
data/boxing/00000552.jpg,1.0
data/boxing/00000306.jpg,1.0
data/chess/00000423.jpg,2.0
data/chess/00000204.jpg,2.0
data/chess/00000209.jpg,2.0
data/basketball/00000120.jpg,0.0
data/boxing/00000633.jpg,1.0
data/chess/00000283.jpg,2.0
data/chess/00000273.jpg,2.0
data/basketball/00000060.jpg,0.0
data/chess/00000168.jpg,2.0
data/basketball/00000044.jpg,0.0
data/chess/00000271.jpg,2.0
data/chess/00000413.jpg,2.0
data/boxing/00000482.jpg,1.0
data/chess/00000335.jpg,2.0
data/boxing/00000550.jpg,1.0
data/basketball/00000195.jpg,0.0
data/boxing/00000061.jpg,1.0
data/basketball/00000140.jpg,0.0
data/chess/00000303.png,2.0
data/basketball/00000487.jpg,0.0
data/boxing/00000301.JPG,1.0
data/boxing/00000214.jpg,1.0
data/basketball/00000267.jpg,0.0
data/boxing/00000571.jpg,1.0
data/basketball/00000297.JPG,0.0
data/basketball/00000284.jpg,0.0
data/chess/00000431.jpg,2.0
data/boxing/00000708.jpg,1.0
data/basketball/00000101.jpg,0.0
data/chess/00000021.png,2.0
data/chess/00000202.jpg,2.0
data/chess/00000019.jpg,2.0
data/basketball/00000445.jpg,0.0
data/boxing/00000557.jpg,1.0
data/chess/00000233.jpg,2.0
data/boxing/00000429.jpg,1.0
data/boxing/00000536.jpg,1.0
data/basketball/00000238.jpg,0.0
data/chess/00000041.jpg,2.0
data/boxing/00000116.jpg,1.0
data/basketball/00000208.jpg,0.0
data/boxing/00000682.jpg,1.0
data/basketball/00000372.png,0.0
data/basketball/00000370.jpg,0.0
data/boxing/00000274.jpg,1.0
data/boxing/00000638.jpg,1.0
data/basketball/00000411.jpg,0.0
data/chess/00000143.png,2.0
data/chess/00000181.jpg,2.0
data/chess/00000477.jpg,2.0
data/basketball/00000072.jpg,0.0
data/boxing/00000300.jpg,1.0
data/chess/00000470.jpg,2.0
data/boxing/00000715.jpg,1.0
data/basketball/00000183.jpg,0.0
data/basketball/00000364.jpg,0.0
data/basketball/00000515.jpg,0.0
data/boxing/00000526.jpg,1.0
data/chess/00000059.jpg,2.0
data/boxing/00000335.jpg,1.0
data/boxing/00000096.jpg,1.0
data/boxing/00000291.jpg,1.0
data/boxing/00000621.jpg,1.0
data/boxing/00000054.jpg,1.0
data/basketball/00000073.png,0.0
data/boxing/00000114.jpg,1.0
data/boxing/00000458.jpg,1.0
data/basketball/00000301.jpg,0.0
data/chess/00000497.jpg,2.0
data/boxing/00000265.jpg,1.0
data/boxing/00000123.jpg,1.0
data/chess/00000048.jpg,2.0
data/basketball/00000448.jpg,0.0
data/boxing/00000122.jpg,1.0
data/chess/00000213.jpg,2.0
data/boxing/00000012.jpg,1.0
data/boxing/00000357.jpg,1.0
data/basketball/00000071.jpg,0.0
data/chess/00000057.jpg,2.0
data/basketball/00000286.jpg,0.0
data/basketball/00000112.jpg,0.0
data/chess/00000043.jpg,2.0
data/chess/00000336.jpg,2.0
data/chess/00000166.jpg,2.0
data/basketball/00000412.jpg,0.0
data/chess/00000247.jpg,2.0
data/basketball/00000247.jpg,0.0
data/basketball/00000514.jpg,0.0
data/boxing/00000498.jpg,1.0
data/boxing/00000741.jpg,1.0
data/chess/00000142.jpg,2.0
data/boxing/00000374.jpg,1.0
data/basketball/00000152.jpg,0.0
data/basketball/00000145.jpg,0.0
data/boxing/00000079.jpg,1.0
data/boxing/00000685.png,1.0
data/boxing/00000244.jpg,1.0
data/chess/00000130.jpg,2.0
data/boxing/00000221.jpg,1.0
data/basketball/00000314.jpg,0.0
data/chess/00000092.jpg,2.0
data/chess/00000121.jpg,2.0
data/boxing/00000334.jpg,1.0
data/boxing/00000662.jpg,1.0
data/boxing/00000272.jpg,1.0
data/basketball/00000307.jpg,0.0
data/boxing/00000350.jpg,1.0
data/basketball/00000507.jpg,0.0
data/basketball/00000313.jpg,0.0
data/basketball/00000203.jpg,0.0
data/basketball/00000352.jpg,0.0
data/basketball/00000105.jpg,0.0
data/boxing/00000230.jpg,1.0
data/basketball/00000100.jpg,0.0
data/boxing/00000200.jpg,1.0
data/boxing/00000713.jpg,1.0
data/boxing/00000150.jpg,1.0
data/chess/00000180.jpg,2.0
data/boxing/00000640.jpg,1.0
data/chess/00000044.jpg,2.0
data/chess/00000249.jpg,2.0
data/basketball/00000133.jpg,0.0
data/basketball/00000481.jpg,0.0
data/chess/00000097.jpg,2.0
data/chess/00000293.jpg,2.0
data/basketball/00000239.jpg,0.0
data/boxing/00000254.jpg,1.0
data/boxing/00000468.jpg,1.0
data/basketball/00000085.jpg,0.0
data/boxing/00000658.jpg,1.0
data/basketball/00000375.png,0.0
data/chess/00000013.jpg,2.0
data/basketball/00000056.jpg,0.0
data/boxing/00000082.jpg,1.0
data/boxing/00000464.jpg,1.0
data/basketball/00000331.jpg,0.0
data/boxing/00000585.jpg,1.0
data/chess/00000109.jpg,2.0
data/basketball/00000116.png,0.0
data/chess/00000448.jpg,2.0
data/boxing/00000080.jpg,1.0
data/boxing/00000680.jpg,1.0
data/chess/00000492.jpg,2.0
data/chess/00000402.jpg,2.0
data/chess/00000125.jpg,2.0
data/boxing/00000227.jpg,1.0
data/boxing/00000669.jpg,1.0
data/basketball/00000076.jpg,0.0
data/boxing/00000330.jpg,1.0
data/basketball/00000122.jpg,0.0
data/boxing/00000711.jpg,1.0
data/boxing/00000562.jpg,1.0
data/basketball/00000016.jpg,0.0
data/basketball/00000453.jpg,0.0
data/chess/00000299.jpg,2.0
data/chess/00000231.JPG,2.0
data/boxing/00000545.jpg,1.0
data/boxing/00000668.jpg,1.0
data/basketball/00000447.jpg,0.0
data/basketball/00000458.jpg,0.0
data/boxing/00000073.jpg,1.0
data/boxing/00000742.jpg,1.0
data/boxing/00000158.jpg,1.0
data/chess/00000070.jpg,2.0
data/basketball/00000462.png,0.0
data/chess/00000302.jpg,2.0
data/chess/00000490.jpg,2.0
data/boxing/00000697.jpg,1.0
data/chess/00000066.jpg,2.0
data/basketball/00000422.jpg,0.0
data/chess/00000146.jpg,2.0
data/boxing/00000118.jpg,1.0
data/boxing/00000721.jpg,1.0
data/basketball/00000138.jpg,0.0
data/chess/00000067.png,2.0
data/boxing/00000355.jpg,1.0
data/chess/00000479.jpg,2.0
data/chess/00000316.jpg,2.0
data/boxing/00000233.jpg,1.0
data/basketball/00000511.png,0.0
data/chess/00000107.jpg,2.0
data/basketball/00000414.jpg,0.0
data/chess/00000471.jpg,2.0
data/boxing/00000408.jpg,1.0
data/chess/00000443.png,2.0
data/boxing/00000331.jpg,1.0
data/boxing/00000484.jpg,1.0
data/boxing/00000603.jpg,1.0
data/boxing/00000515.jpg,1.0
data/basketball/00000216.jpg,0.0
data/basketball/00000294.jpg,0.0
data/basketball/00000406.jpg,0.0
data/boxing/00000506.jpg,1.0
data/chess/00000484.jpg,2.0
data/boxing/00000109.jpg,1.0
data/chess/00000275.jpg,2.0
data/boxing/00000310.jpg,1.0
data/boxing/00000304.jpg,1.0
data/basketball/00000323.jpg,0.0
data/chess/00000127.jpg,2.0
data/chess/00000268.jpg,2.0
data/chess/00000507.jpg,2.0
data/chess/00000226.jpg,2.0
data/boxing/00000409.jpg,1.0
data/basketball/00000432.jpg,0.0
data/basketball/00000257.jpg,0.0
data/boxing/00000049.jpg,1.0
data/boxing/00000566.jpg,1.0
data/basketball/00000132.jpg,0.0
data/basketball/00000293.jpg,0.0
data/boxing/00000147.jpg,1.0
data/chess/00000149.png,2.0
data/boxing/00000318.jpg,1.0
data/chess/00000161.jpg,2.0
data/chess/00000286.jpg,2.0
data/basketball/00000235.JPG,0.0
data/chess/00000244.jpg,2.0
data/boxing/00000487.jpg,1.0
data/boxing/00000270.jpg,1.0
data/boxing/00000492.jpg,1.0
data/chess/00000183.jpg,2.0
data/chess/00000236.jpg,2.0
data/boxing/00000097.jpg,1.0
data/basketball/00000207.jpg,0.0
data/chess/00000028.jpg,2.0
data/basketball/00000363.jpg,0.0
data/boxing/00000448.jpg,1.0
data/boxing/00000700.jpg,1.0
data/basketball/00000007.jpg,0.0
data/boxing/00000063.jpg,1.0
data/chess/00000421.jpg,2.0
data/boxing/00000599.jpg,1.0
data/basketball/00000287.jpg,0.0
data/chess/00000267.jpg,2.0
data/boxing/00000560.jpg,1.0
data/chess/00000251.jpg,2.0
data/chess/00000227.jpg,2.0
data/basketball/00000025.jpg,0.0
data/boxing/00000438.jpg,1.0
data/boxing/00000470.jpg,1.0
data/chess/00000123.jpg,2.0
data/basketball/00000024.jpg,0.0
data/basketball/00000457.jpg,0.0
data/basketball/00000090.jpg,0.0
data/chess/00000042.jpg,2.0
data/boxing/00000652.jpg,1.0
data/basketball/00000494.jpg,0.0
data/chess/00000190.jpg,2.0
data/chess/00000280.jpg,2.0
data/chess/00000115.jpg,2.0
data/boxing/00000314.jpg,1.0
data/basketball/00000474.jpg,0.0
data/boxing/00000367.jpg,1.0
data/basketball/00000486.jpg,0.0
data/boxing/00000299.jpg,1.0
data/basketball/00000049.jpg,0.0
data/boxing/00000204.jpg,1.0
data/basketball/00000192.jpg,0.0
data/chess/00000214.jpg,2.0
data/boxing/00000532.jpg,1.0
data/boxing/00000048.jpg,1.0
data/basketball/00000218.jpg,0.0
data/boxing/00000681.png,1.0
data/basketball/00000409.jpg,0.0
data/chess/00000026.jpg,2.0
data/chess/00000381.jpg,2.0
data/boxing/00000493.jpg,1.0
data/chess/00000519.jpg,2.0
data/basketball/00000271.JPG,0.0
data/basketball/00000276.jpg,0.0
data/basketball/00000096.jpg,0.0
data/boxing/00000390.jpg,1.0
data/chess/00000046.jpg,2.0
data/chess/00000069.jpg,2.0
data/boxing/00000414.jpg,1.0
data/chess/00000350.jpg,2.0
data/boxing/00000292.jpg,1.0
data/boxing/00000516.jpg,1.0
data/basketball/00000259.jpg,0.0
data/boxing/00000476.jpg,1.0
data/boxing/00000529.jpg,1.0
data/basketball/00000108.jpg,0.0
data/basketball/00000027.jpg,0.0
data/boxing/00000354.jpg,1.0
data/boxing/00000446.jpg,1.0
data/boxing/00000042.jpg,1.0
data/chess/00000051.jpg,2.0
data/boxing/00000071.jpg,1.0
data/chess/00000148.jpg,2.0
data/chess/00000150.jpg,2.0
data/boxing/00000394.jpg,1.0
data/boxing/00000740.jpg,1.0
data/chess/00000333.jpg,2.0
data/chess/00000428.jpg,2.0
data/chess/00000485.jpg,2.0
data/boxing/00000356.jpg,1.0
data/basketball/00000064.jpg,0.0
data/basketball/00000058.png,0.0
data/chess/00000086.jpg,2.0
data/boxing/00000671.jpg,1.0
data/chess/00000331.jpg,2.0
data/basketball/00000349.jpg,0.0
data/boxing/00000473.jpg,1.0
data/boxing/00000611.jpg,1.0
data/basketball/00000170.png,0.0
data/boxing/00000081.jpg,1.0
data/chess/00000195.jpg,2.0
data/chess/00000063.jpg,2.0
data/boxing/00000451.jpg,1.0
data/chess/00000387.jpg,2.0
data/chess/00000516.png,2.0
data/boxing/00000382.jpg,1.0
data/boxing/00000626.jpg,1.0
data/basketball/00000378.jpg,0.0
data/boxing/00000637.jpg,1.0
data/chess/00000328.jpg,2.0
data/chess/00000031.jpg,2.0
data/boxing/00000351.jpg,1.0
data/basketball/00000428.jpg,0.0
data/basketball/00000142.jpg,0.0
data/chess/00000392.jpg,2.0
data/boxing/00000606.jpg,1.0
data/boxing/00000245.jpg,1.0
data/basketball/00000221.jpg,0.0
data/boxing/00000016.jpg,1.0
data/boxing/00000273.jpg,1.0
data/chess/00000030.jpg,2.0
data/basketball/00000125.jpg,0.0
data/basketball/00000004.jpg,0.0
data/chess/00000418.jpg,2.0
data/basketball/00000141.jpg,0.0
data/basketball/00000497.jpg,0.0
data/boxing/00000647.jpg,1.0
data/basketball/00000147.jpg,0.0
data/boxing/00000045.jpg,1.0
data/boxing/00000430.jpg,1.0
data/chess/00000049.jpg,2.0
data/basketball/00000389.jpg,0.0
data/boxing/00000574.jpg,1.0
data/boxing/00000136.jpg,1.0
data/boxing/00000029.png,1.0
data/chess/00000072.jpg,2.0
data/boxing/00000462.jpg,1.0
data/boxing/00000215.jpg,1.0
data/basketball/00000492.jpg,0.0
data/basketball/00000022.jpg,0.0
data/boxing/00000261.jpg,1.0
data/boxing/00000706.jpg,1.0
data/chess/00000457.jpg,2.0
data/chess/00000119.jpg,2.0
data/chess/00000083.jpg,2.0
data/basketball/00000490.jpg,0.0
data/chess/00000196.jpg,2.0
data/boxing/00000056.jpg,1.0
data/boxing/00000053.jpg,1.0
data/boxing/00000321.jpg,1.0
data/boxing/00000570.jpg,1.0
data/boxing/00000226.jpg,1.0
data/basketball/00000215.jpg,0.0
data/chess/00000424.jpg,2.0
data/boxing/00000441.jpg,1.0
data/chess/00000481.jpg,2.0
data/basketball/00000075.jpg,0.0
data/boxing/00000666.jpg,1.0
data/basketball/00000187.jpg,0.0
data/chess/00000324.jpg,2.0
data/boxing/00000412.jpg,1.0
data/boxing/00000405.jpg,1.0
data/boxing/00000023.jpg,1.0
data/boxing/00000393.jpg,1.0
data/basketball/00000318.jpg,0.0
data/chess/00000029.jpg,2.0
data/boxing/00000547.jpg,1.0
data/basketball/00000149.jpg,0.0
data/boxing/00000737.jpg,1.0
data/chess/00000095.jpg,2.0
data/boxing/00000520.jpg,1.0
data/boxing/00000675.jpg,1.0
data/chess/00000074.jpg,2.0
data/basketball/00000258.png,0.0
data/chess/00000191.jpg,2.0
data/chess/00000372.jpg,2.0
data/chess/00000494.png,2.0
data/basketball/00000346.jpg,0.0
data/boxing/00000095.jpg,1.0
data/chess/00000033.jpg,2.0
data/chess/00000218.jpg,2.0
data/chess/00000078.jpg,2.0
data/boxing/00000298.jpg,1.0
data/chess/00000002.jpg,2.0
data/chess/00000278.png,2.0
data/boxing/00000217.jpg,1.0
data/chess/00000060.jpg,2.0
data/boxing/00000388.jpg,1.0
data/chess/00000091.jpg,2.0
data/boxing/00000407.jpg,1.0
data/basketball/00000245.jpg,0.0
data/boxing/00000736.jpg,1.0
data/basketball/00000097.jpg,0.0
data/boxing/00000077.png,1.0
data/chess/00000419.jpg,2.0
data/boxing/00000380.jpg,1.0
data/basketball/00000113.jpg,0.0
data/chess/00000376.jpg,2.0
data/boxing/00000745.jpg,1.0
data/boxing/00000709.jpg,1.0
data/basketball/00000038.jpg,0.0
data/chess/00000254.jpg,2.0
data/chess/00000514.jpg,2.0
data/chess/00000420.jpg,2.0
data/boxing/00000216.jpg,1.0
data/boxing/00000478.jpg,1.0
data/boxing/00000656.jpg,1.0
data/chess/00000488.png,2.0
data/chess/00000456.jpg,2.0
data/boxing/00000127.jpg,1.0
data/boxing/00000694.jpg,1.0
data/basketball/00000212.jpg,0.0
data/boxing/00000379.jpg,1.0
data/boxing/00000102.jpg,1.0
data/basketball/00000317.jpg,0.0
data/basketball/00000130.jpg,0.0
data/boxing/00000281.jpg,1.0
data/chess/00000090.jpg,2.0
data/chess/00000036.jpg,2.0
data/basketball/00000151.jpg,0.0
data/boxing/00000453.jpg,1.0
data/boxing/00000488.jpg,1.0
data/basketball/00000174.jpg,0.0
data/chess/00000120.jpg,2.0
data/basketball/00000269.jpg,0.0
data/boxing/00000046.PNG,1.0
data/boxing/00000553.jpg,1.0
data/basketball/00000342.jpg,0.0
data/boxing/00000538.jpg,1.0
data/chess/00000412.jpg,2.0
data/basketball/00000380.jpg,0.0
data/chess/00000261.jpg,2.0
data/boxing/00000469.jpg,1.0
data/boxing/00000168.jpg,1.0
data/basketball/00000165.jpg,0.0
data/boxing/00000332.jpg,1.0
data/basketball/00000019.jpg,0.0
data/boxing/00000361.png,1.0
data/chess/00000164.jpg,2.0
data/chess/00000311.jpg,2.0
data/basketball/00000296.jpg,0.0
data/boxing/00000247.jpg,1.0
data/basketball/00000065.jpg,0.0
data/boxing/00000533.jpg,1.0
data/chess/00000053.jpg,2.0
data/chess/00000487.jpg,2.0
data/boxing/00000674.jpg,1.0
data/boxing/00000688.png,1.0
data/boxing/00000152.jpg,1.0
data/boxing/00000371.jpg,1.0
data/boxing/00000348.jpg,1.0
data/basketball/00000275.jpg,0.0
data/chess/00000156.jpg,2.0
data/chess/00000230.jpg,2.0
data/chess/00000295.jpg,2.0
data/basketball/00000209.jpg,0.0
data/chess/00000292.jpg,2.0
data/chess/00000369.jpg,2.0
data/boxing/00000649.jpg,1.0
data/boxing/00000653.jpg,1.0
data/chess/00000282.jpg,2.0
data/chess/00000298.jpg,2.0
data/boxing/00000068.jpg,1.0
data/chess/00000442.jpg,2.0
data/boxing/00000663.jpg,1.0
data/basketball/00000385.jpg,0.0
data/chess/00000207.jpg,2.0
data/boxing/00000600.jpg,1.0
data/chess/00000463.jpg,2.0
data/boxing/00000661.jpg,1.0
data/boxing/00000241.jpg,1.0
data/chess/00000406.jpg,2.0
data/boxing/00000402.jpg,1.0
data/basketball/00000291.jpg,0.0
data/chess/00000367.jpg,2.0
data/basketball/00000223.jpg,0.0
data/boxing/00000693.jpg,1.0
data/basketball/00000253.jpg,0.0
data/basketball/00000032.jpg,0.0
data/chess/00000052.jpg,2.0
data/basketball/00000030.jpg,0.0
data/chess/00000410.jpg,2.0
data/boxing/00000496.jpg,1.0
data/basketball/00000094.jpg,0.0
data/chess/00000281.jpg,2.0
data/boxing/00000030.JPG,1.0
data/boxing/00000149.jpg,1.0
data/boxing/00000058.jpg,1.0
data/chess/00000297.jpg,2.0
data/chess/00000163.jpg,2.0
data/basketball/00000155.jpg,0.0
data/boxing/00000142.png,1.0
data/basketball/00000067.png,0.0
data/chess/00000192.jpg,2.0
data/basketball/00000463.jpg,0.0
data/chess/00000182.jpg,2.0
data/boxing/00000072.jpg,1.0
data/chess/00000522.jpg,2.0
data/basketball/00000104.jpg,0.0
data/boxing/00000628.jpg,1.0
data/chess/00000018.jpg,2.0
data/chess/00000102.jpg,2.0
data/chess/00000050.jpg,2.0
data/boxing/00000014.jpg,1.0
data/boxing/00000447.jpg,1.0
data/chess/00000184.jpg,2.0
data/boxing/00000690.jpg,1.0
data/boxing/00000266.jpg,1.0
data/basketball/00000336.jpg,0.0
data/basketball/00000070.jpg,0.0
data/basketball/00000512.jpg,0.0
data/chess/00000383.jpg,2.0
data/chess/00000237.jpg,2.0
data/boxing/00000483.jpg,1.0
data/basketball/00000386.jpg,0.0
data/boxing/00000288.jpg,1.0
data/boxing/00000329.jpg,1.0
data/chess/00000270.png,2.0
data/chess/00000353.jpg,2.0
data/chess/00000320.jpg,2.0
data/basketball/00000357.jpg,0.0
data/basketball/00000525.jpg,0.0
data/chess/00000399.jpg,2.0
data/chess/00000258.jpg,2.0
data/boxing/00000561.jpg,1.0
data/boxing/00000384.jpg,1.0
data/boxing/00000138.jpg,1.0
data/chess/00000436.jpg,2.0
data/basketball/00000391.jpg,0.0
data/chess/00000315.jpg,2.0
data/basketball/00000329.jpg,0.0
data/boxing/00000339.jpg,1.0
data/boxing/00000398.jpg,1.0
data/chess/00000263.jpg,2.0
data/boxing/00000104.jpg,1.0
data/chess/00000305.jpg,2.0
data/chess/00000160.jpg,2.0
data/chess/00000378.jpg,2.0
data/boxing/00000720.jpg,1.0
data/chess/00000011.jpg,2.0
data/boxing/00000455.jpg,1.0
data/basketball/00000509.jpg,0.0
data/chess/00000450.jpg,2.0
data/boxing/00000004.jpg,1.0
data/basketball/00000418.jpg,0.0
data/chess/00000520.jpg,2.0
data/chess/00000430.jpg,2.0
data/boxing/00000172.jpg,1.0
data/basketball/00000303.jpg,0.0
data/boxing/00000186.jpg,1.0
data/boxing/00000020.jpg,1.0
data/boxing/00000289.jpg,1.0
data/basketball/00000283.jpg,0.0
data/boxing/00000401.jpg,1.0
data/boxing/00000559.jpg,1.0
data/basketball/00000159.jpg,0.0
data/boxing/00000060.jpg,1.0
data/basketball/00000341.jpg,0.0
data/basketball/00000035.jpg,0.0
data/chess/00000131.jpg,2.0
data/chess/00000437.jpg,2.0
data/boxing/00000695.jpg,1.0
data/basketball/00000052.jpg,0.0
data/basketball/00000029.jpg,0.0
data/chess/00000461.jpg,2.0
data/chess/00000124.jpg,2.0
data/basketball/00000338.JPG,0.0
data/boxing/00000630.jpg,1.0
data/boxing/00000161.jpg,1.0
data/boxing/00000719.jpg,1.0
data/boxing/00000573.jpg,1.0
data/boxing/00000251.jpg,1.0
data/boxing/00000609.jpg,1.0
data/chess/00000126.jpg,2.0
data/basketball/00000489.jpg,0.0
data/boxing/00000201.jpg,1.0
data/chess/00000509.jpg,2.0
data/boxing/00000572.jpg,1.0
data/basketball/00000248.jpg,0.0
data/chess/00000171.jpg,2.0
data/boxing/00000677.jpg,1.0
data/boxing/00000692.jpg,1.0
data/boxing/00000389.jpg,1.0
data/chess/00000284.jpg,2.0
data/chess/00000288.jpg,2.0
data/basketball/00000186.jpg,0.0
data/basketball/00000255.JPG,0.0
data/basketball/00000168.JPG,0.0
data/basketball/00000017.jpg,0.0
data/chess/00000022.jpg,2.0
data/boxing/00000598.jpg,1.0
data/boxing/00000050.jpg,1.0
data/basketball/00000047.JPG,0.0
data/boxing/00000316.jpg,1.0
data/chess/00000363.jpg,2.0
data/boxing/00000078.jpg,1.0
data/basketball/00000426.jpg,0.0
data/chess/00000356.jpg,2.0
data/boxing/00000181.jpg,1.0
data/chess/00000158.jpg,2.0
data/boxing/00000208.jpg,1.0
data/boxing/00000718.jpg,1.0
data/boxing/00000257.jpg,1.0
data/basketball/00000478.jpg,0.0
data/boxing/00000514.jpg,1.0
data/basketball/00000180.JPG,0.0
data/chess/00000397.jpg,2.0
data/chess/00000255.jpg,2.0
data/basketball/00000384.jpg,0.0
data/basketball/00000395.jpg,0.0
data/chess/00000134.jpg,2.0
data/boxing/00000510.jpg,1.0
data/chess/00000362.jpg,2.0
data/chess/00000389.jpg,2.0
data/basketball/00000366.jpg,0.0
data/basketball/00000000.jpg,0.0
data/basketball/00000465.jpg,0.0
data/chess/00000446.jpg,2.0
data/boxing/00000735.jpg,1.0
data/basketball/00000092.jpg,0.0
data/basketball/00000443.jpg,0.0
data/boxing/00000437.jpg,1.0
data/chess/00000250.jpg,2.0
data/boxing/00000373.jpg,1.0
data/basketball/00000327.png,0.0
data/basketball/00000079.jpg,0.0
data/basketball/00000003.jpg,0.0
data/boxing/00000707.jpg,1.0
data/boxing/00000554.jpg,1.0
data/boxing/00000639.jpg,1.0
data/boxing/00000655.jpg,1.0
data/chess/00000373.jpg,2.0
data/basketball/00000128.jpg,0.0
data/basketball/00000295.jpg,0.0
data/boxing/00000234.jpg,1.0
data/boxing/00000359.jpg,1.0
data/boxing/00000294.jpg,1.0
data/boxing/00000698.jpg,1.0
data/chess/00000073.jpg,2.0
data/boxing/00000009.jpg,1.0
data/chess/00000185.jpg,2.0
data/boxing/00000131.jpg,1.0
data/basketball/00000520.JPG,0.0
data/chess/00000400.jpg,2.0
data/boxing/00000347.jpg,1.0
data/basketball/00000111.jpg,0.0
data/chess/00000187.jpg,2.0
data/boxing/00000425.jpg,1.0
data/basketball/00000434.JPG,0.0
data/chess/00000329.jpg,2.0
data/basketball/00000061.jpg,0.0
data/boxing/00000066.jpg,1.0
data/boxing/00000212.jpg,1.0
data/chess/00000025.jpg,2.0
data/basketball/00000033.jpg,0.0
data/boxing/00000240.jpg,1.0
data/chess/00000327.jpg,2.0
data/boxing/00000370.jpg,1.0
data/basketball/00000229.jpg,0.0
data/chess/00000105.JPG,2.0
data/chess/00000364.jpg,2.0
data/basketball/00000393.jpg,0.0
data/basketball/00000427.JPG,0.0
data/chess/00000504.png,2.0
data/boxing/00000524.jpg,1.0
data/basketball/00000309.jpg,0.0
data/basketball/00000340.JPG,0.0
data/boxing/00000535.jpg,1.0
data/chess/00000342.jpg,2.0
data/boxing/00000410.jpg,1.0
data/boxing/00000279.jpg,1.0
data/boxing/00000224.jpg,1.0
data/boxing/00000684.jpg,1.0
data/chess/00000300.jpg,2.0
data/basketball/00000273.jpg,0.0
data/boxing/00000115.jpg,1.0
data/basketball/00000117.JPG,0.0
data/chess/00000380.jpg,2.0
data/basketball/00000081.jpg,0.0
data/chess/00000491.jpg,2.0
data/boxing/00000489.jpg,1.0
data/basketball/00000522.jpg,0.0
data/boxing/00000308.jpg,1.0
data/boxing/00000586.jpg,1.0
data/chess/00000017.jpg,2.0
data/chess/00000307.jpg,2.0
data/basketball/00000272.jpg,0.0
data/chess/00000498.jpg,2.0
data/boxing/00000032.jpg,1.0
data/basketball/00000345.jpg,0.0
data/chess/00000495.png,2.0
data/boxing/00000725.JPG,1.0
data/chess/00000341.jpg,2.0
data/basketball/00000184.jpg,0.0
data/chess/00000194.png,2.0
data/chess/00000403.jpg,2.0
data/boxing/00000422.jpg,1.0
data/chess/00000355.jpg,2.0
data/boxing/00000714.jpg,1.0
data/boxing/00000252.jpg,1.0
data/boxing/00000419.jpg,1.0
data/chess/00000032.jpg,2.0
data/chess/00000445.jpg,2.0
data/chess/00000425.jpg,2.0
data/boxing/00000112.jpg,1.0
data/basketball/00000451.jpg,0.0
data/boxing/00000619.jpg,1.0
data/basketball/00000394.jpg,0.0
data/chess/00000426.jpg,2.0
data/boxing/00000268.jpg,1.0
data/chess/00000200.jpg,2.0
data/chess/00000272.jpg,2.0
data/boxing/00000534.jpg,1.0
data/basketball/00000355.jpg,0.0
data/boxing/00000037.jpg,1.0
data/boxing/00000126.jpg,1.0
data/boxing/00000395.jpg,1.0
data/boxing/00000428.jpg,1.0
data/basketball/00000018.jpg,0.0
data/boxing/00000531.jpg,1.0
data/boxing/00000248.jpg,1.0
data/basketball/00000077.jpg,0.0
data/basketball/00000230.jpg,0.0
data/boxing/00000646.jpg,1.0
data/basketball/00000137.JPG,0.0
data/chess/00000201.jpg,2.0
data/boxing/00000098.jpg,1.0
data/chess/00000205.jpg,2.0
data/boxing/00000712.jpg,1.0
data/chess/00000506.jpg,2.0
data/boxing/00000019.jpg,1.0
data/boxing/00000282.jpg,1.0
data/boxing/00000641.jpg,1.0
data/basketball/00000050.jpg,0.0
data/chess/00000346.jpg,2.0
data/chess/00000274.jpg,2.0
data/basketball/00000089.jpg,0.0
data/chess/00000466.jpg,2.0
data/basketball/00000051.jpg,0.0
data/boxing/00000743.jpg,1.0
data/basketball/00000337.jpg,0.0
data/boxing/00000164.jpg,1.0
data/boxing/00000085.jpg,1.0
data/basketball/00000166.jpg,0.0
data/chess/00000339.jpg,2.0
data/basketball/00000188.jpg,0.0
data/basketball/00000084.jpg,0.0
data/boxing/00000567.jpg,1.0
data/basketball/00000369.jpg,0.0
data/boxing/00000555.jpg,1.0
data/boxing/00000399.jpg,1.0
data/chess/00000508.jpg,2.0
data/basketball/00000153.jpg,0.0
data/chess/00000259.jpg,2.0
data/boxing/00000657.jpg,1.0
data/boxing/00000601.jpg,1.0
data/basketball/00000169.jpg,0.0
data/basketball/00000066.png,0.0
data/boxing/00000286.jpg,1.0
data/boxing/00000501.jpg,1.0
data/boxing/00000558.jpg,1.0
data/chess/00000082.jpg,2.0
data/boxing/00000185.jpg,1.0
data/chess/00000511.jpg,2.0
data/boxing/00000229.jpg,1.0
data/chess/00000223.jpg,2.0
data/chess/00000087.jpg,2.0
data/basketball/00000020.jpg,0.0
data/boxing/00000011.jpg,1.0
data/chess/00000153.jpg,2.0
data/boxing/00000521.jpg,1.0
data/basketball/00000472.jpg,0.0
data/chess/00000152.jpg,2.0
data/basketball/00000460.jpg,0.0
data/boxing/00000702.jpg,1.0
data/basketball/00000034.jpg,0.0
data/chess/00000212.jpg,2.0
data/chess/00000129.jpg,2.0
data/basketball/00000068.jpg,0.0
data/basketball/00000102.jpg,0.0
data/boxing/00000525.jpg,1.0
data/boxing/00000235.jpg,1.0
data/chess/00000188.jpg,2.0
data/boxing/00000232.jpg,1.0
data/basketball/00000526.jpg,0.0
data/boxing/00000730.jpg,1.0
data/basketball/00000429.jpg,0.0
data/boxing/00000672.jpg,1.0
data/chess/00000169.jpg,2.0
data/chess/00000319.JPG,2.0
data/boxing/00000748.jpg,1.0
data/boxing/00000689.jpg,1.0
data/chess/00000264.jpg,2.0
data/chess/00000427.png,2.0
data/boxing/00000577.PNG,1.0
data/basketball/00000172.JPG,0.0
data/basketball/00000289.jpg,0.0
data/boxing/00000220.jpg,1.0
data/chess/00000101.jpg,2.0
data/chess/00000165.jpg,2.0
data/basketball/00000042.jpg,0.0
data/basketball/00000150.jpg,0.0
data/boxing/00000542.jpg,1.0
data/basketball/00000250.jpg,0.0
data/boxing/00000320.jpg,1.0
data/chess/00000467.jpg,2.0
data/boxing/00000519.jpg,1.0
data/chess/00000309.jpg,2.0
data/boxing/00000145.jpg,1.0
data/basketball/00000358.jpg,0.0
data/boxing/00000222.jpg,1.0
data/basketball/00000321.jpg,0.0
data/boxing/00000312.jpg,1.0
data/boxing/00000701.jpg,1.0
data/chess/00000234.jpg,2.0
data/chess/00000243.jpg,2.0
data/chess/00000365.jpg,2.0
data/chess/00000313.jpg,2.0
data/boxing/00000731.jpg,1.0
data/boxing/00000404.jpg,1.0
data/chess/00000483.jpg,2.0
data/chess/00000098.jpg,2.0
data/boxing/00000479.jpg,1.0
data/chess/00000370.jpg,2.0
data/basketball/00000473.jpg,0.0
data/boxing/00000563.jpg,1.0
data/basketball/00000118.jpg,0.0
data/basketball/00000396.jpg,0.0
data/boxing/00000349.jpg,1.0
data/basketball/00000028.jpg,0.0
data/basketball/00000498.jpg,0.0
data/boxing/00000196.jpg,1.0
data/boxing/00000087.jpg,1.0
data/boxing/00000416.jpg,1.0
data/chess/00000379.jpg,2.0
data/chess/00000439.jpg,2.0
data/basketball/00000523.png,0.0
data/basketball/00000134.jpg,0.0
data/basketball/00000496.jpg,0.0
data/boxing/00000198.jpg,1.0
data/basketball/00000006.jpg,0.0
data/chess/00000103.jpg,2.0
data/chess/00000203.jpg,2.0
data/boxing/00000687.jpg,1.0
data/boxing/00000143.jpg,1.0
data/basketball/00000471.jpg,0.0
data/chess/00000296.jpg,2.0
data/boxing/00000691.jpg,1.0
data/chess/00000177.jpg,2.0
data/boxing/00000541.jpg,1.0
data/basketball/00000281.jpg,0.0
data/chess/00000089.jpg,2.0
data/basketball/00000249.JPG,0.0
data/basketball/00000265.jpg,0.0
data/boxing/00000592.jpg,1.0
data/boxing/00000182.jpg,1.0
data/boxing/00000313.JPG,1.0
data/basketball/00000420.jpg,0.0
data/boxing/00000293.jpg,1.0
data/boxing/00000491.jpg,1.0
data/basketball/00000242.jpg,0.0
data/boxing/00000113.jpg,1.0
data/basketball/00000408.jpg,0.0
data/basketball/00000382.jpg,0.0
data/boxing/00000443.jpg,1.0
data/chess/00000065.jpg,2.0
data/boxing/00000156.jpg,1.0
data/boxing/00000092.jpg,1.0
data/basketball/00000088.jpg,0.0
data/boxing/00000424.png,1.0
data/basketball/00000057.jpg,0.0
data/chess/00000407.png,2.0
data/boxing/00000159.jpg,1.0
data/boxing/00000734.jpg,1.0
data/basketball/00000334.jpg,0.0
data/basketball/00000135.jpg,0.0
data/boxing/00000173.jpg,1.0
data/basketball/00000332.jpg,0.0
data/basketball/00000304.jpg,0.0
data/boxing/00000184.jpg,1.0
data/boxing/00000026.jpg,1.0
data/boxing/00000090.jpg,1.0
data/chess/00000322.png,2.0
data/boxing/00000530.jpg,1.0
data/boxing/00000733.jpg,1.0
data/chess/00000468.jpg,2.0
data/boxing/00000205.jpg,1.0
data/boxing/00000432.jpg,1.0
data/boxing/00000549.jpg,1.0
data/boxing/00000392.jpg,1.0
data/boxing/00000076.jpg,1.0
data/chess/00000374.jpg,2.0
data/boxing/00000083.jpg,1.0
data/boxing/00000206.jpg,1.0
data/boxing/00000130.jpg,1.0
data/boxing/00000052.jpg,1.0
data/chess/00000080.jpg,2.0
data/basketball/00000361.jpg,0.0
data/boxing/00000040.jpg,1.0
data/chess/00000513.jpg,2.0
data/chess/00000349.jpg,2.0
data/boxing/00000635.jpg,1.0
data/boxing/00000101.jpg,1.0
data/chess/00000225.jpg,2.0
data/chess/00000433.jpg,2.0
data/boxing/00000264.jpg,1.0
data/basketball/00000131.png,0.0
data/chess/00000135.jpg,2.0
data/boxing/00000202.jpg,1.0
data/boxing/00000146.jpg,1.0
data/boxing/00000368.jpg,1.0
data/chess/00000232.jpg,2.0
data/boxing/00000716.jpg,1.0
data/boxing/00000457.jpg,1.0
data/boxing/00000471.jpg,1.0
data/basketball/00000261.jpg,0.0
data/boxing/00000070.jpg,1.0
data/chess/00000473.jpg,2.0
data/chess/00000269.jpg,2.0
data/chess/00000076.jpg,2.0
data/boxing/00000728.jpg,1.0
data/boxing/00000099.png,1.0
data/chess/00000360.jpg,2.0
data/boxing/00000006.png,1.0
data/boxing/00000035.jpg,1.0
data/chess/00000001.jpg,2.0
data/chess/00000004.jpg,2.0
data/basketball/00000251.jpg,0.0
data/chess/00000012.jpg,2.0
data/basketball/00000222.jpg,0.0
data/chess/00000015.jpg,2.0
data/basketball/00000012.jpg,0.0
data/basketball/00000233.jpg,0.0
data/boxing/00000679.jpg,1.0
data/basketball/00000163.jpg,0.0
data/chess/00000464.jpg,2.0
data/basketball/00000026.jpg,0.0
data/boxing/00000290.jpg,1.0
data/basketball/00000480.jpg,0.0
data/boxing/00000459.jpg,1.0
data/boxing/00000075.jpg,1.0
data/chess/00000035.jpg,2.0
data/boxing/00000154.jpg,1.0
data/boxing/00000110.jpg,1.0
data/basketball/00000062.jpg,0.0
data/basketball/00000322.jpg,0.0
data/boxing/00000610.png,1.0
data/basketball/00000001.png,0.0
data/boxing/00000699.jpg,1.0
data/boxing/00000307.jpg,1.0
data/boxing/00000296.jpg,1.0
data/boxing/00000133.jpg,1.0
data/basketball/00000377.png,0.0
data/chess/00000308.jpg,2.0
data/boxing/00000508.jpg,1.0
data/basketball/00000109.jpg,0.0
data/chess/00000224.jpg,2.0
data/boxing/00000546.JPG,1.0
data/basketball/00000219.jpg,0.0
data/chess/00000047.jpg,2.0
data/chess/00000062.jpg,2.0
data/chess/00000009.png,2.0
data/boxing/00000499.jpg,1.0
data/boxing/00000503.JPG,1.0
data/chess/00000144.jpg,2.0
data/boxing/00000093.jpg,1.0
data/basketball/00000446.JPG,0.0
data/basketball/00000464.jpg,0.0
data/boxing/00000022.jpg,1.0
data/boxing/00000140.jpg,1.0
data/basketball/00000368.jpg,0.0
data/basketball/00000374.jpg,0.0
data/chess/00000099.png,2.0
data/chess/00000139.jpg,2.0
data/chess/00000395.jpg,2.0
data/boxing/00000225.jpg,1.0
data/basketball/00000040.jpg,0.0
data/basketball/00000225.jpg,0.0
data/basketball/00000043.png,0.0
data/chess/00000391.jpg,2.0
data/chess/00000314.jpg,2.0
data/chess/00000515.png,2.0
data/boxing/00000141.jpg,1.0
data/boxing/00000651.jpg,1.0
data/chess/00000472.jpg,2.0
data/chess/00000289.jpg,2.0
data/basketball/00000114.jpg,0.0
data/basketball/00000503.jpg,0.0
data/boxing/00000729.jpg,1.0
data/boxing/00000328.jpg,1.0
data/basketball/00000136.jpg,0.0
data/boxing/00000211.jpg,1.0
data/boxing/00000664.jpg,1.0
data/basketball/00000274.jpg,0.0
data/chess/00000361.jpg,2.0
data/boxing/00000423.jpg,1.0
data/boxing/00000612.jpg,1.0
data/basketball/00000160.jpg,0.0
data/chess/00000106.jpg,2.0
data/chess/00000358.jpg,2.0
data/boxing/00000523.png,1.0
data/basketball/00000182.jpg,0.0
data/basketball/00000045.jpg,0.0
data/boxing/00000194.jpg,1.0
data/boxing/00000174.jpg,1.0
data/basketball/00000260.jpg,0.0
data/boxing/00000518.jpg,1.0
data/basketball/00000459.jpg,0.0
data/boxing/00000028.jpg,1.0
data/boxing/00000305.jpg,1.0
data/boxing/00000148.jpg,1.0
data/boxing/00000191.jpg,1.0
data/basketball/00000110.jpg,0.0
data/chess/00000235.jpg,2.0
data/basketball/00000243.jpg,0.0
data/boxing/00000678.jpg,1.0
data/basketball/00000069.png,0.0
data/chess/00000501.jpg,2.0
data/basketball/00000177.jpg,0.0
data/chess/00000474.jpg,2.0
data/basketball/00000379.JPG,0.0
data/chess/00000159.jpg,2.0
data/basketball/00000106.jpg,0.0
data/chess/00000398.jpg,2.0
data/boxing/00000165.jpg,1.0
data/chess/00000136.jpg,2.0
data/basketball/00000484.jpg,0.0
data/boxing/00000344.jpg,1.0
data/basketball/00000506.JPG,0.0
data/chess/00000321.jpg,2.0
data/basketball/00000191.jpg,0.0
data/chess/00000458.jpg,2.0
data/basketball/00000279.jpg,0.0
data/basketball/00000419.jpg,0.0
data/basketball/00000197.JPG,0.0
data/boxing/00000494.jpg,1.0
data/basketball/00000054.JPG,0.0
data/boxing/00000062.jpg,1.0
data/boxing/00000033.jpg,1.0
data/boxing/00000269.jpg,1.0
data/boxing/00000315.jpg,1.0
data/basketball/00000010.jpg,0.0
data/chess/00000157.jpg,2.0
data/basketball/00000199.jpg,0.0
data/boxing/00000497.JPG,1.0
data/chess/00000170.jpg,2.0
data/chess/00000348.jpg,2.0
data/chess/00000453.jpg,2.0
data/basketball/00000292.jpg,0.0
data/basketball/00000055.jpg,0.0
data/basketball/00000311.jpg,0.0
data/boxing/00000169.jpg,1.0
data/basketball/00000205.jpg,0.0
data/basketball/00000319.jpg,0.0
data/chess/00000038.jpg,2.0
data/boxing/00000517.jpg,1.0
data/chess/00000167.jpg,2.0
data/basketball/00000217.png,0.0
data/chess/00000104.jpg,2.0
data/basketball/00000059.jpg,0.0
data/basketball/00000041.jpg,0.0
data/boxing/00000039.jpg,1.0
data/chess/00000334.jpg,2.0
data/boxing/00000340.jpg,1.0
data/basketball/00000046.jpg,0.0
data/boxing/00000556.jpg,1.0
data/chess/00000521.png,2.0
data/boxing/00000260.jpg,1.0
data/boxing/00000385.jpg,1.0
data/basketball/00000278.jpg,0.0
data/boxing/00000031.jpg,1.0
data/boxing/00000631.jpg,1.0
data/chess/00000132.jpg,2.0
data/basketball/00000493.jpg,0.0
data/boxing/00000243.jpg,1.0
data/chess/00000276.jpg,2.0
data/chess/00000199.jpg,2.0
data/boxing/00000659.jpg,1.0
data/boxing/00000622.jpg,1.0
data/basketball/00000202.jpg,0.0
data/chess/00000384.jpg,2.0
data/basketball/00000005.jpg,0.0
data/basketball/00000324.jpg,0.0
data/basketball/00000178.jpg,0.0
data/boxing/00000375.jpg,1.0
data/basketball/00000082.jpg,0.0
data/chess/00000088.jpg,2.0
data/chess/00000359.png,2.0
data/boxing/00000618.jpg,1.0
data/boxing/00000602.jpg,1.0
data/basketball/00000231.JPG,0.0
data/basketball/00000516.jpg,0.0
data/chess/00000385.jpg,2.0
data/chess/00000222.jpg,2.0
data/chess/00000312.jpg,2.0
data/boxing/00000548.jpg,1.0
data/boxing/00000333.jpg,1.0
data/boxing/00000673.jpg,1.0
data/boxing/00000436.jpg,1.0
data/basketball/00000204.jpg,0.0
data/basketball/00000277.jpg,0.0
data/boxing/00000283.jpg,1.0
data/basketball/00000226.jpg,0.0
data/chess/00000460.jpg,2.0
data/boxing/00000732.jpg,1.0
data/basketball/00000252.jpg,0.0
data/boxing/00000223.jpg,1.0
data/chess/00000323.jpg,2.0
data/basketball/00000436.jpg,0.0
data/boxing/00000466.jpg,1.0
data/basketball/00000228.jpg,0.0
data/chess/00000337.jpg,2.0
data/basketball/00000086.jpg,0.0
data/boxing/00000642.jpg,1.0
data/boxing/00000128.jpg,1.0
data/chess/00000375.png,2.0
data/basketball/00000367.jpg,0.0
data/chess/00000020.jpg,2.0
data/chess/00000140.jpg,2.0
data/chess/00000401.jpg,2.0
data/chess/00000414.jpg,2.0
data/boxing/00000000.jpg,1.0
data/basketball/00000456.jpg,0.0
data/boxing/00000433.jpg,1.0
data/basketball/00000316.jpg,0.0
data/chess/00000469.jpg,2.0
data/chess/00000344.jpg,2.0
data/boxing/00000036.jpg,1.0
data/chess/00000475.jpg,2.0
data/chess/00000005.jpg,2.0
data/basketball/00000162.jpg,0.0
data/boxing/00000259.jpg,1.0
data/boxing/00000461.png,1.0
data/boxing/00000738.jpg,1.0
data/chess/00000347.jpg,2.0
data/chess/00000499.jpg,2.0
data/chess/00000154.jpg,2.0
data/boxing/00000480.jpg,1.0
data/basketball/00000300.jpg,0.0
data/chess/00000325.jpg,2.0
data/chess/00000441.jpg,2.0
data/chess/00000229.jpg,2.0
data/boxing/00000620.jpg,1.0
data/basketball/00000407.jpg,0.0
data/chess/00000217.jpg,2.0
data/chess/00000330.jpg,2.0
data/chess/00000279.jpg,2.0
data/chess/00000352.jpg,2.0
data/chess/00000377.jpg,2.0
data/basketball/00000452.jpg,0.0
data/chess/00000111.jpg,2.0
data/chess/00000206.jpg,2.0
data/basketball/00000232.png,0.0
data/chess/00000238.jpg,2.0
data/boxing/00000460.jpg,1.0
data/boxing/00000024.jpg,1.0
data/boxing/00000119.jpg,1.0
data/chess/00000343.jpg,2.0
data/chess/00000310.jpg,2.0
data/basketball/00000315.jpg,0.0
data/basketball/00000305.jpg,0.0
data/boxing/00000746.jpg,1.0
data/boxing/00000667.jpg,1.0
data/boxing/00000445.jpg,1.0
data/boxing/00000583.jpg,1.0
data/boxing/00000297.jpg,1.0
data/boxing/00000636.jpg,1.0
data/basketball/00000505.jpg,0.0
data/boxing/00000322.jpg,1.0
data/boxing/00000179.jpg,1.0
data/basketball/00000087.jpg,0.0
data/boxing/00000250.png,1.0
data/chess/00000071.jpg,2.0
data/boxing/00000353.png,1.0
data/chess/00000480.jpg,2.0
data/boxing/00000654.jpg,1.0
data/boxing/00000726.jpg,1.0
data/chess/00000045.jpg,2.0
data/chess/00000061.jpg,2.0
data/boxing/00000591.jpg,1.0
data/chess/00000252.jpg,2.0
data/boxing/00000387.jpg,1.0
data/chess/00000133.jpg,2.0
data/boxing/00000540.jpg,1.0
data/basketball/00000435.jpg,0.0
data/boxing/00000376.jpg,1.0
data/boxing/00000069.jpg,1.0
data/basketball/00000157.jpg,0.0
data/boxing/00000495.jpg,1.0
data/basketball/00000410.jpg,0.0
data/boxing/00000276.jpg,1.0
data/chess/00000455.jpg,2.0
data/basketball/00000333.jpg,0.0
data/chess/00000245.jpg,2.0
data/basketball/00000510.jpg,0.0
data/boxing/00000086.jpg,1.0
data/chess/00000007.jpg,2.0
data/boxing/00000137.jpg,1.0
data/chess/00000162.jpg,2.0
data/boxing/00000336.jpg,1.0
data/basketball/00000504.JPG,0.0
data/basketball/00000388.jpg,0.0
data/boxing/00000472.jpg,1.0
data/chess/00000178.jpg,2.0
data/basketball/00000415.jpg,0.0
data/boxing/00000629.jpg,1.0
data/boxing/00000676.jpg,1.0
data/boxing/00000239.jpg,1.0
data/boxing/00000381.jpg,1.0
data/boxing/00000617.jpg,1.0
data/basketball/00000330.jpg,0.0
data/boxing/00000650.jpg,1.0
data/chess/00000077.jpg,2.0
data/basketball/00000455.jpg,0.0
data/boxing/00000175.png,1.0
data/chess/00000266.jpg,2.0
data/basketball/00000475.jpg,0.0
data/basketball/00000098.jpg,0.0
data/boxing/00000364.jpg,1.0
data/boxing/00000352.jpg,1.0
data/boxing/00000015.jpg,1.0
data/basketball/00000491.jpg,0.0
data/chess/00000145.jpg,2.0
data/basketball/00000123.JPG,0.0
data/boxing/00000207.jpg,1.0
data/basketball/00000468.jpg,0.0
data/chess/00000096.jpg,2.0
data/basketball/00000430.jpg,0.0
data/boxing/00000209.jpg,1.0
data/boxing/00000187.jpg,1.0
data/boxing/00000581.jpg,1.0
data/basketball/00000013.jpg,0.0
data/chess/00000253.jpg,2.0
data/chess/00000417.jpg,2.0
data/boxing/00000576.jpg,1.0
data/boxing/00000415.jpg,1.0
data/boxing/00000613.jpg,1.0
data/basketball/00000280.jpg,0.0
data/boxing/00000176.jpg,1.0
data/boxing/00000431.jpg,1.0
data/boxing/00000303.jpg,1.0
data/boxing/00000608.jpg,1.0
data/boxing/00000643.jpg,1.0
data/basketball/00000403.jpg,0.0
data/basketball/00000310.jpg,0.0
data/boxing/00000324.jpg,1.0
data/chess/00000198.jpg,2.0
data/boxing/00000124.jpg,1.0
data/basketball/00000167.jpg,0.0
data/boxing/00000365.jpg,1.0
data/basketball/00000365.jpg,0.0
data/boxing/00000449.jpg,1.0
data/chess/00000128.jpg,2.0
data/basketball/00000306.jpg,0.0
data/basketball/00000270.jpg,0.0
data/basketball/00000417.png,0.0
data/chess/00000000.jpg,2.0
data/boxing/00000452.jpg,1.0
data/chess/00000114.jpg,2.0
data/basketball/00000326.jpg,0.0
data/boxing/00000319.jpg,1.0
data/basketball/00000254.jpg,0.0
data/basketball/00000353.jpg,0.0
data/boxing/00000411.jpg,1.0
data/boxing/00000253.jpg,1.0
data/chess/00000006.jpg,2.0
data/chess/00000301.jpg,2.0
data/boxing/00000302.jpg,1.0
data/boxing/00000007.png,1.0
data/boxing/00000512.jpg,1.0
data/basketball/00000002.jpg,0.0
data/boxing/00000539.jpg,1.0
data/boxing/00000500.jpg,1.0
data/boxing/00000001.jpg,1.0
data/basketball/00000360.png,0.0
data/basketball/00000031.jpg,0.0
data/chess/00000368.jpg,2.0
data/basketball/00000093.jpg,0.0
data/basketball/00000164.jpg,0.0
data/chess/00000510.jpg,2.0
data/boxing/00000327.png,1.0
data/boxing/00000047.jpg,1.0
data/chess/00000304.jpg,2.0
data/chess/00000023.jpg,2.0
data/chess/00000242.jpg,2.0
data/boxing/00000383.jpg,1.0
data/chess/00000064.jpg,2.0
data/basketball/00000383.jpg,0.0
data/boxing/00000041.jpg,1.0
data/chess/00000351.jpg,2.0
data/boxing/00000696.png,1.0
data/basketball/00000146.jpg,0.0
data/boxing/00000153.jpg,1.0
data/boxing/00000490.jpg,1.0
data/basketball/00000176.jpg,0.0
data/chess/00000116.jpg,2.0
data/basketball/00000263.jpg,0.0
data/basketball/00000015.jpg,0.0
data/basketball/00000483.jpg,0.0
data/boxing/00000121.JPG,1.0
data/boxing/00000590.jpg,1.0
data/boxing/00000074.jpg,1.0
data/basketball/00000439.png,0.0
data/chess/00000108.jpg,2.0
data/boxing/00000660.jpg,1.0
data/basketball/00000298.jpg,0.0
data/boxing/00000157.jpg,1.0
data/chess/00000416.jpg,2.0
data/boxing/00000021.jpg,1.0
data/boxing/00000117.jpg,1.0
data/boxing/00000475.jpg,1.0
data/boxing/00000502.jpg,1.0
data/basketball/00000390.png,0.0
data/boxing/00000342.jpg,1.0
data/chess/00000405.jpg,2.0
data/basketball/00000488.jpg,0.0
data/boxing/00000568.png,1.0
data/basketball/00000240.JPG,0.0
data/chess/00000317.jpg,2.0
data/basketball/00000501.jpg,0.0
data/boxing/00000582.jpg,1.0
data/basketball/00000405.png,0.0
data/chess/00000404.jpg,2.0
data/chess/00000110.jpg,2.0
data/boxing/00000391.jpg,1.0
data/basketball/00000236.jpg,0.0
data/boxing/00000003.jpg,1.0
data/basketball/00000485.jpg,0.0
data/boxing/00000717.jpg,1.0
data/basketball/00000466.jpg,0.0
data/basketball/00000312.jpg,0.0
data/basketball/00000495.JPG,0.0
data/boxing/00000580.jpg,1.0
data/chess/00000277.jpg,2.0
data/chess/00000094.jpg,2.0
data/boxing/00000013.jpg,1.0
data/chess/00000246.JPG,2.0
data/chess/00000393.jpg,2.0
data/basketball/00000343.jpg,0.0
data/boxing/00000604.jpg,1.0
data/boxing/00000513.jpg,1.0
data/basketball/00000299.jpg,0.0
data/boxing/00000426.jpg,1.0
data/boxing/00000163.jpg,1.0
data/boxing/00000309.jpg,1.0
data/chess/00000440.jpg,2.0
data/boxing/00000537.jpg,1.0
data/basketball/00000433.jpg,0.0
data/boxing/00000625.png,1.0
data/basketball/00000431.jpg,0.0
data/boxing/00000027.png,1.0
data/boxing/00000579.jpg,1.0
data/boxing/00000192.jpg,1.0
data/boxing/00000434.jpg,1.0
data/basketball/00000521.jpg,0.0
data/basketball/00000264.jpg,0.0
data/chess/00000287.jpg,2.0
data/basketball/00000519.jpg,0.0
data/boxing/00000627.jpg,1.0
data/chess/00000040.jpg,2.0
data/chess/00000239.jpg,2.0
data/basketball/00000014.jpg,0.0
data/basketball/00000256.jpg,0.0
data/basketball/00000499.jpg,0.0
data/boxing/00000595.jpg,1.0
data/basketball/00000351.jpg,0.0
data/basketball/00000290.jpg,0.0
data/basketball/00000425.jpg,0.0
data/chess/00000518.jpg,2.0
data/boxing/00000038.jpg,1.0
data/chess/00000241.jpg,2.0
data/basketball/00000148.jpg,0.0
data/chess/00000058.jpg,2.0
data/basketball/00000416.jpg,0.0
data/boxing/00000565.jpg,1.0
data/basketball/00000129.jpg,0.0
data/boxing/00000596.jpg,1.0
data/boxing/00000337.jpg,1.0
data/boxing/00000589.jpg,1.0
data/boxing/00000481.jpg,1.0
data/boxing/00000094.jpg,1.0
data/boxing/00000180.jpg,1.0
data/chess/00000056.jpg,2.0
data/basketball/00000476.jpg,0.0
data/chess/00000409.jpg,2.0
data/boxing/00000326.jpg,1.0
data/basketball/00000143.jpg,0.0
data/boxing/00000607.jpg,1.0
data/boxing/00000051.jpg,1.0
data/basketball/00000021.JPG,0.0
data/boxing/00000597.jpg,1.0
data/boxing/00000727.jpg,1.0
data/boxing/00000178.jpg,1.0
data/boxing/00000456.jpg,1.0
data/basketball/00000350.jpg,0.0
data/chess/00000081.jpg,2.0
data/basketball/00000508.jpg,0.0
data/basketball/00000373.png,0.0
data/basketball/00000402.jpg,0.0
data/boxing/00000139.jpg,1.0
data/boxing/00000091.jpg,1.0
data/boxing/00000439.jpg,1.0
data/chess/00000422.jpg,2.0
data/basketball/00000339.jpg,0.0
data/chess/00000388.jpg,2.0
data/boxing/00000724.jpg,1.0
data/boxing/00000213.jpg,1.0
data/chess/00000449.jpg,2.0
data/basketball/00000442.jpg,0.0
data/boxing/00000427.png,1.0
data/boxing/00000064.jpg,1.0
data/chess/00000112.jpg,2.0
data/boxing/00000166.jpg,1.0
data/boxing/00000722.jpg,1.0
data/boxing/00000242.jpg,1.0
data/chess/00000189.jpg,2.0
data/boxing/00000171.jpg,1.0
data/boxing/00000442.jpg,1.0
data/chess/00000291.jpg,2.0
data/chess/00000172.jpg,2.0
data/boxing/00000210.jpg,1.0
data/boxing/00000263.jpg,1.0
data/basketball/00000482.jpg,0.0
data/basketball/00000095.jpg,0.0
data/boxing/00000705.jpg,1.0
data/basketball/00000124.jpg,0.0
data/basketball/00000268.jpg,0.0
data/chess/00000345.jpg,2.0
data/boxing/00000005.jpg,1.0
data/boxing/00000129.jpg,1.0
data/chess/00000496.jpg,2.0
data/boxing/00000183.jpg,1.0
data/boxing/00000396.png,1.0
data/boxing/00000271.jpg,1.0
data/boxing/00000413.jpg,1.0
data/chess/00000435.jpg,2.0
data/basketball/00000450.jpg,0.0
data/boxing/00000325.jpg,1.0
data/boxing/00000108.jpg,1.0
data/basketball/00000103.jpg,0.0
data/chess/00000003.jpg,2.0
data/boxing/00000704.jpg,1.0
data/boxing/00000190.jpg,1.0
data/boxing/00000377.jpg,1.0
data/chess/00000138.jpg,2.0
